{"accuracy": 1, "loss": 0.45, "_timestamp": 1677352298.639756, "_runtime": 0.8471498489379883, "_step": 0, "_wandb": {"runtime": 0}}