{"accuracy": 1, "loss": 0.45, "_timestamp": 1677352415.959137, "_runtime": 0.9902980327606201, "_step": 0, "_wandb": {"runtime": 0}}