{"acc": 3.24501915570381, "val_acc": 2.988228732937743, "loss": 0.12911515497273895, "val_loss": 0.1128436135786172, "_timestamp": 1677354363.1918662, "_runtime": 2.112119197845459, "_step": 999, "_wandb": {"runtime": 1}}