{"acc": 3.4668229454936483, "val_acc": 3.4163317525974635, "loss": -0.056959582549759996, "val_loss": 0.029104563648142526, "_timestamp": 1677354355.9721029, "_runtime": 1.3971929550170898, "_step": 999, "_wandb": {"runtime": 1}}