{"acc": 3.408667379390036, "val_acc": 3.0991277296774555, "loss": 0.021198497381363562, "val_loss": 0.07627938164687738, "_timestamp": 1677354370.534875, "_runtime": 2.119853973388672, "_step": 999, "_wandb": {"runtime": 1}}