{"accuracy": 1, "loss": 0.45, "_timestamp": 1677350974.897155, "_runtime": 76.76698112487793, "_step": 0, "_wandb": {"runtime": 2}}