{"acc": 3.3966874355734173, "val_acc": 3.1735668816505176, "loss": 0.0637934069411458, "val_loss": 0.061245764512106685, "_timestamp": 1677354383.3874629, "_runtime": 2.150847911834717, "_step": 999, "_wandb": {"runtime": 1}}